{
    "now": "2022-12-30T21:04:37.154Z",
    "perfNow": 110113603.69999993,
    "diagnosticCorrelation": "0809db5e-0dfc-46ea-bea9-435e059c9893",
    "source": "DownloadSupportFiles",
    "environment": {
        "productName": "adf",
        "buildVersion": "1.0.121622.5",
        "environmentType": 3,
        "resourceName": "Covid-Reporting-adf-deep",
        "resourceRegion": "eastus",
        "resourceGroup": "Covid_Reporting_Og",
        "subscriptionId": "d1959d23-a3ae-4519-bd85-1e69629b5cdc",
        "sessionId": "ekQVf",
        "operationId": "SHCwj",
        "gitType": "live"
    },
    "additionalInfo": {
        "selectedResource": "df_hospitalization_admissions",
        "selectedResourceType": "dataflow",
        "dataFlowSessionId": "2cbc7639-6623-4104-91bb-695df85f0b4c"
    }
}