{
    "now": "2022-12-30T14:03:46.921Z",
    "perfNow": 84864383.49999988,
    "diagnosticCorrelation": "ecb1af38-ce9c-49da-9af9-7b2831911cd6",
    "source": "DownloadSupportFiles",
    "environment": {
        "productName": "adf",
        "buildVersion": "1.0.121622.5",
        "environmentType": 3,
        "resourceName": "Covid-Reporting-adf-deep",
        "resourceRegion": "eastus",
        "resourceGroup": "Covid_Reporting_Og",
        "subscriptionId": "d1959d23-a3ae-4519-bd85-1e69629b5cdc",
        "sessionId": "YYyUD",
        "operationId": "SHCwj",
        "gitType": "live"
    },
    "additionalInfo": {
        "selectedResource": "ds_transform_cases_deaths",
        "selectedResourceType": "dataflow",
        "dataFlowSessionId": "73ce94dc-9491-416c-a4d5-6fd797e9cc13"
    }
}