{
    "name": "ds_hospitalization_admissions",
    "properties": {
        "linkedServiceName": {
            "referenceName": "ls_azdl_covidreportingdldeep",
            "type": "LinkedServiceReference"
        },
        "annotations": [],
        "type": "DelimitedText",
        "typeProperties": {
            "location": {
                "type": "AzureBlobFSLocation",
                "fileName": "hospital_admissions.csv",
                "folderPath": "ecdc",
                "fileSystem": "raw"
            },
            "columnDelimiter": ",",
            "escapeChar": "\\",
            "firstRowAsHeader": true,
            "quoteChar": "\""
        },
        "schema": [
            {
                "name": "Austria",
                "type": "String"
            },
            {
                "name": "Daily hospital occupancy",
                "type": "String"
            },
            {
                "name": "2020-04-02",
                "type": "String"
            },
            {
                "name": "2020-W14",
                "type": "String"
            },
            {
                "name": "1057",
                "type": "String"
            },
            {
                "name": "Surveillance",
                "type": "String"
            },
            {
                "name": "https://www.sozialministerium.at/Informationen-zum-Coronavirus/Neuartiges-Coronavirus-(2019-nCov).html",
                "type": "String"
            }
        ]
    }
}