{
    "name": "ds_transform_cases_deaths",
    "properties": {
        "type": "MappingDataFlow",
        "typeProperties": {
            "sources": [
                {
                    "dataset": {
                        "referenceName": "ds_raw_cases_and_deaths",
                        "type": "DatasetReference"
                    },
                    "name": "CasesandDeathsSource"
                },
                {
                    "dataset": {
                        "referenceName": "ds_country_lookup",
                        "type": "DatasetReference"
                    },
                    "name": "Countrylookup"
                }
            ],
            "sinks": [
                {
                    "dataset": {
                        "referenceName": "ds_processed_cases_and_deaths",
                        "type": "DatasetReference"
                    },
                    "name": "casesanddeathsink"
                }
            ],
            "transformations": [
                {
                    "name": "filterEuropeOnly"
                },
                {
                    "name": "selectOnlyRequiredFields"
                },
                {
                    "name": "pivotCounts"
                },
                {
                    "name": "lookupcountry"
                },
                {
                    "name": "selectforsink"
                }
            ],
            "scriptLines": [
                "source(output(",
                "          country as string,",
                "          country_code as string,",
                "          continent as string,",
                "          population as integer,",
                "          indicator as string,",
                "          daily_count as short,",
                "          date as date,",
                "          rate_14_day as double,",
                "          source as string",
                "     ),",
                "     allowSchemaDrift: true,",
                "     validateSchema: false,",
                "     ignoreNoFilesFound: false) ~> CasesandDeathsSource",
                "source(output(",
                "          country as string,",
                "          country_code_2_digit as string,",
                "          country_code_3_digit as string,",
                "          continent as string,",
                "          population as integer",
                "     ),",
                "     allowSchemaDrift: true,",
                "     validateSchema: false,",
                "     ignoreNoFilesFound: false) ~> Countrylookup",
                "CasesandDeathsSource filter(continent=='Europe' && not(isNull(country_code))) ~> filterEuropeOnly",
                "filterEuropeOnly select(mapColumn(",
                "          country,",
                "          country_code,",
                "          population,",
                "          indicator,",
                "          daily_count,",
                "          source,",
                "          each(match(name=='date'),",
                "               'reported'+ '_date' = $$)",
                "     ),",
                "     skipDuplicateMapInputs: true,",
                "     skipDuplicateMapOutputs: true) ~> selectOnlyRequiredFields",
                "selectOnlyRequiredFields pivot(groupBy(country,",
                "          country_code,",
                "          population,",
                "          source,",
                "          reported_date),",
                "     pivotBy(indicator, ['confirmed cases', 'deaths']),",
                "     count = sum(daily_count),",
                "     columnNaming: '$V_$N',",
                "     lateral: true) ~> pivotCounts",
                "pivotCounts, Countrylookup lookup(pivotCounts@country == Countrylookup@country,",
                "     multiple: false,",
                "     pickup: 'any',",
                "     broadcast: 'auto')~> lookupcountry",
                "lookupcountry select(mapColumn(",
                "          country = pivotCounts@country,",
                "          country_code_2_digit,",
                "          country_code_3_digit,",
                "          population = pivotCounts@population,",
                "          cases_count = {confirmed cases_count},",
                "          deaths_count,",
                "          reported_date,",
                "          source",
                "     ),",
                "     skipDuplicateMapInputs: true,",
                "     skipDuplicateMapOutputs: true) ~> selectforsink",
                "selectforsink sink(allowSchemaDrift: true,",
                "     validateSchema: false,",
                "     umask: 0022,",
                "     preCommands: [],",
                "     postCommands: [],",
                "     skipDuplicateMapInputs: true,",
                "     skipDuplicateMapOutputs: true) ~> casesanddeathsink"
            ]
        }
    }
}