{"$schema":"http://schema.management.azure.com/schemas/2015-01-01/deploymentTemplate.json#","contentVersion":"1.0.0.0","parameters":{"factoryName":{"type":"string","metadata":"Data Factory name"},"ls_azdl_covidreportingdldeep":{"type":"string"}},"variables":{"factoryId":"[concat('Microsoft.DataFactory/factories/', parameters('factoryName'))]"},"resources":[{"name":"[concat(parameters('factoryName'), '/pl_process_cases_and_deaths_Data')]","type":"Microsoft.DataFactory/factories/pipelines","apiVersion":"2018-06-01","properties":{"activities":[{"name":"df_transform_cases_deaths","type":"ExecuteDataFlow","dependsOn":[],"policy":{"timeout":"0.12:00:00","retry":0,"retryIntervalInSeconds":30,"secureOutput":false,"secureInput":false},"userProperties":[],"typeProperties":{"dataflow":{"referenceName":"ds_transform_cases_deaths","type":"DataFlowReference","parameters":{},"datasetParameters":{"CasesandDeathsSource":{},"Countrylookup":{},"casesanddeathsink":{}}},"staging":{},"compute":{"coreCount":8,"computeType":"General"},"traceLevel":"Fine"}}],"policy":{"elapsedTimeMetric":{},"cancelAfter":{}},"annotations":[]},"dependsOn":["[concat(variables('factoryId'), '/dataflows/ds_transform_cases_deaths')]"]},{"name":"[concat(parameters('factoryName'), '/ds_transform_cases_deaths')]","type":"Microsoft.DataFactory/factories/dataflows","apiVersion":"2018-06-01","properties":{"type":"MappingDataFlow","typeProperties":{"sources":[{"dataset":{"referenceName":"ds_raw_cases_and_deaths","type":"DatasetReference"},"name":"CasesandDeathsSource"},{"dataset":{"referenceName":"ds_country_lookup","type":"DatasetReference"},"name":"Countrylookup"}],"sinks":[{"dataset":{"referenceName":"ds_processed_cases_and_deaths","type":"DatasetReference"},"name":"casesanddeathsink"}],"transformations":[{"name":"filterEuropeOnly"},{"name":"selectOnlyRequiredFields"},{"name":"pivotCounts"},{"name":"lookupcountry"},{"name":"selectforsink"}],"scriptLines":["source(output(","          country as string,","          country_code as string,","          continent as string,","          population as integer,","          indicator as string,","          daily_count as short,","          date as date,","          rate_14_day as double,","          source as string","     ),","     allowSchemaDrift: true,","     validateSchema: false,","     ignoreNoFilesFound: false) ~> CasesandDeathsSource","source(output(","          country as string,","          country_code_2_digit as string,","          country_code_3_digit as string,","          continent as string,","          population as integer","     ),","     allowSchemaDrift: true,","     validateSchema: false,","     ignoreNoFilesFound: false) ~> Countrylookup","CasesandDeathsSource filter(continent=='Europe' && not(isNull(country_code))) ~> filterEuropeOnly","filterEuropeOnly select(mapColumn(","          country,","          country_code,","          population,","          indicator,","          daily_count,","          source,","          each(match(name=='date'),","               'reported'+ '_date' = $$)","     ),","     skipDuplicateMapInputs: true,","     skipDuplicateMapOutputs: true) ~> selectOnlyRequiredFields","selectOnlyRequiredFields pivot(groupBy(country,","          country_code,","          population,","          source,","          reported_date),","     pivotBy(indicator, ['confirmed cases', 'deaths']),","     count = sum(daily_count),","     columnNaming: '$V_$N',","     lateral: true) ~> pivotCounts","pivotCounts, Countrylookup lookup(pivotCounts@country == Countrylookup@country,","     multiple: false,","     pickup: 'any',","     broadcast: 'auto')~> lookupcountry","lookupcountry select(mapColumn(","          country = pivotCounts@country,","          country_code_2_digit,","          country_code_3_digit,","          population = pivotCounts@population,","          cases_count = {confirmed cases_count},","          deaths_count,","          reported_date,","          source","     ),","     skipDuplicateMapInputs: true,","     skipDuplicateMapOutputs: true) ~> selectforsink","selectforsink sink(allowSchemaDrift: true,","     validateSchema: false,","     partitionFileNames:['cases_and_deaths.csv'],","     umask: 0022,","     preCommands: [],","     postCommands: [],","     skipDuplicateMapInputs: true,","     skipDuplicateMapOutputs: true,","     partitionBy('hash', 1)) ~> casesanddeathsink"]}},"dependsOn":["[concat(variables('factoryId'), '/datasets/ds_raw_cases_and_deaths')]","[concat(variables('factoryId'), '/datasets/ds_country_lookup')]","[concat(variables('factoryId'), '/datasets/ds_processed_cases_and_deaths')]"]},{"name":"[concat(parameters('factoryName'), '/ds_raw_cases_and_deaths')]","type":"Microsoft.DataFactory/factories/datasets","apiVersion":"2018-06-01","properties":{"linkedServiceName":{"referenceName":"[parameters('ls_azdl_covidreportingdldeep')]","type":"LinkedServiceReference"},"annotations":[],"type":"DelimitedText","typeProperties":{"location":{"type":"AzureBlobFSLocation","fileName":"cases_deaths.csv","folderPath":"ecdc","fileSystem":"raw"},"columnDelimiter":",","escapeChar":"\\","firstRowAsHeader":true,"quoteChar":"\""},"schema":[{"name":"Afghanistan","type":"String"},{"name":"AFG","type":"String"},{"name":"Asia","type":"String"},{"name":"38928341","type":"String"},{"name":"confirmed cases","type":"String"},{"name":"0","type":"String"},{"name":"2020-01-02","type":"String"},{"name":"Prop_7","type":"String"},{"name":"Epidemic intelligence, national daily data","type":"String"}]},"dependsOn":[]},{"name":"[concat(parameters('factoryName'), '/ds_country_lookup')]","type":"Microsoft.DataFactory/factories/datasets","apiVersion":"2018-06-01","properties":{"linkedServiceName":{"referenceName":"[parameters('ls_azdl_covidreportingdldeep')]","type":"LinkedServiceReference"},"annotations":[],"type":"DelimitedText","typeProperties":{"location":{"type":"AzureBlobFSLocation","fileName":"country_lookup.csv","fileSystem":"lookup"},"columnDelimiter":",","escapeChar":"\\","firstRowAsHeader":true,"quoteChar":"\""},"schema":[{"name":"country","type":"String"},{"name":"country_code_2_digit","type":"String"},{"name":"country_code_3_digit","type":"String"},{"name":"continent","type":"String"},{"name":"population","type":"String"}]},"dependsOn":[]},{"name":"[concat(parameters('factoryName'), '/ds_processed_cases_and_deaths')]","type":"Microsoft.DataFactory/factories/datasets","apiVersion":"2018-06-01","properties":{"linkedServiceName":{"referenceName":"[parameters('ls_azdl_covidreportingdldeep')]","type":"LinkedServiceReference"},"annotations":[],"type":"DelimitedText","typeProperties":{"location":{"type":"AzureBlobFSLocation","folderPath":"ecdc/cases_deaths","fileSystem":"processed"},"columnDelimiter":",","escapeChar":"\\","firstRowAsHeader":true,"quoteChar":"\""},"schema":[]},"dependsOn":[]}]}