{
    "name": "tr_ingest_ecdc_data",
    "properties": {
        "annotations": [],
        "runtimeState": "Started",
        "pipelines": [
            {
                "pipelineReference": {
                    "referenceName": "pl_ingest_ecdc_data",
                    "type": "PipelineReference"
                }
            }
        ],
        "type": "ScheduleTrigger",
        "typeProperties": {
            "recurrence": {
                "frequency": "Day",
                "interval": 1,
                "startTime": "2022-12-27T15:30:00Z",
                "endTime": "2022-12-28T15:15:00Z",
                "timeZone": "UTC"
            }
        }
    }
}