{
    "name": "pl_processed_hospital_admissions",
    "properties": {
        "activities": [
            {
                "name": "hopspital_admissions",
                "type": "ExecuteDataFlow",
                "dependsOn": [],
                "policy": {
                    "timeout": "0.12:00:00",
                    "retry": 0,
                    "retryIntervalInSeconds": 30,
                    "secureOutput": false,
                    "secureInput": false
                },
                "userProperties": [],
                "typeProperties": {
                    "dataflow": {
                        "referenceName": "df_hospitalization_admissions",
                        "type": "DataFlowReference"
                    },
                    "compute": {
                        "coreCount": 8,
                        "computeType": "General"
                    },
                    "traceLevel": "None",
                    "cacheSinks": {
                        "firstRowOnly": true
                    }
                }
            }
        ],
        "annotations": []
    }
}