{
    "name": "ds_ecdc_raw_csv_http",
    "properties": {
        "linkedServiceName": {
            "referenceName": "ls_http_opendata_ecdc_europa_eu_deep",
            "type": "LinkedServiceReference",
            "parameters": {
                "sourcebaseurl": {
                    "value": "@dataset().sourcebaseurl",
                    "type": "Expression"
                }
            }
        },
        "parameters": {
            "sourceRelativeURL": {
                "type": "string"
            },
            "sourcebaseurl": {
                "type": "string"
            }
        },
        "annotations": [],
        "type": "DelimitedText",
        "typeProperties": {
            "location": {
                "type": "HttpServerLocation",
                "relativeUrl": {
                    "value": "@dataset().sourceRelativeURL",
                    "type": "Expression"
                }
            },
            "columnDelimiter": ",",
            "escapeChar": "\\",
            "firstRowAsHeader": true,
            "quoteChar": "\""
        },
        "schema": []
    }
}