{
    "name": "ds_ecdc_file_list",
    "properties": {
        "linkedServiceName": {
            "referenceName": "ls_azblob_covidreportingsa",
            "type": "LinkedServiceReference"
        },
        "annotations": [],
        "type": "Json",
        "typeProperties": {
            "location": {
                "type": "AzureBlobStorageLocation",
                "fileName": "github_ecdc_file_list.json",
                "container": "config"
            }
        },
        "schema": {}
    }
}