{
    "name": "ds_ecdc_raw_csv_dl",
    "properties": {
        "linkedServiceName": {
            "referenceName": "ls_azdl_covidreportingdldeep",
            "type": "LinkedServiceReference"
        },
        "parameters": {
            "filename": {
                "type": "string"
            }
        },
        "annotations": [],
        "type": "DelimitedText",
        "typeProperties": {
            "location": {
                "type": "AzureBlobFSLocation",
                "fileName": {
                    "value": "@dataset().filename",
                    "type": "Expression"
                },
                "folderPath": "ecdc",
                "fileSystem": "raw"
            },
            "columnDelimiter": ",",
            "escapeChar": "\\",
            "quoteChar": "\""
        },
        "schema": []
    }
}