{
    "name": "df_hospitalization_admissions",
    "properties": {
        "type": "MappingDataFlow",
        "typeProperties": {
            "sources": [
                {
                    "dataset": {
                        "referenceName": "ds_hospitalization_admissions",
                        "type": "DatasetReference"
                    },
                    "name": "hospitalization"
                },
                {
                    "dataset": {
                        "referenceName": "ds_country_lookup",
                        "type": "DatasetReference"
                    },
                    "name": "lkpsourcecountrycode"
                },
                {
                    "dataset": {
                        "referenceName": "ds_dim_data_date",
                        "type": "DatasetReference"
                    },
                    "name": "sourceDimdatadate"
                }
            ],
            "sinks": [
                {
                    "dataset": {
                        "referenceName": "ds_processed_hospital_admissions_weekly",
                        "type": "DatasetReference"
                    },
                    "name": "Weeklysink"
                },
                {
                    "dataset": {
                        "referenceName": "ds_processed_hopital_admissions_daily",
                        "type": "DatasetReference"
                    },
                    "name": "Dailysink"
                }
            ],
            "transformations": [
                {
                    "name": "selectRemoveurlrenamedate"
                },
                {
                    "name": "lookupcontrycodes"
                },
                {
                    "name": "selectreqfeilds"
                },
                {
                    "name": "splitDailyfromweekly"
                },
                {
                    "name": "derivECDCyearweek"
                },
                {
                    "name": "aggDimDate"
                },
                {
                    "name": "joinwithdate"
                },
                {
                    "name": "pivotWeekly"
                },
                {
                    "name": "pivotDaily"
                },
                {
                    "name": "sortWeekly"
                },
                {
                    "name": "sortDaily"
                },
                {
                    "name": "selectWeekly"
                },
                {
                    "name": "selectDaily"
                }
            ],
            "scriptLines": [
                "source(output(",
                "          country as string,",
                "          indicator as string,",
                "          date as date,",
                "          year_week as string,",
                "          value as double,",
                "          source as string,",
                "          url as string",
                "     ),",
                "     allowSchemaDrift: true,",
                "     validateSchema: false,",
                "     ignoreNoFilesFound: false) ~> hospitalization",
                "source(output(",
                "          country as string,",
                "          country_code_2_digit as string,",
                "          country_code_3_digit as string,",
                "          continent as string,",
                "          population as integer",
                "     ),",
                "     allowSchemaDrift: true,",
                "     validateSchema: false,",
                "     ignoreNoFilesFound: false) ~> lkpsourcecountrycode",
                "source(output(",
                "          date_key as string,",
                "          date as string,",
                "          year as string,",
                "          month as string,",
                "          day as string,",
                "          day_name as string,",
                "          day_of_year as string,",
                "          week_of_month as string,",
                "          week_of_year as string,",
                "          month_name as string,",
                "          year_month as string,",
                "          year_week as string",
                "     ),",
                "     allowSchemaDrift: true,",
                "     validateSchema: false,",
                "     ignoreNoFilesFound: false) ~> sourceDimdatadate",
                "hospitalization select(mapColumn(",
                "          country,",
                "          indicator,",
                "          Reported_date = date,",
                "          Reported_year_week = year_week,",
                "          value,",
                "          source",
                "     ),",
                "     skipDuplicateMapInputs: true,",
                "     skipDuplicateMapOutputs: true) ~> selectRemoveurlrenamedate",
                "selectRemoveurlrenamedate, lkpsourcecountrycode lookup(selectRemoveurlrenamedate@country == lkpsourcecountrycode@country,",
                "     multiple: false,",
                "     pickup: 'any',",
                "     broadcast: 'auto')~> lookupcontrycodes",
                "lookupcontrycodes select(mapColumn(",
                "          country = selectRemoveurlrenamedate@country,",
                "          indicator,",
                "          Reported_date,",
                "          Reported_year_week,",
                "          value,",
                "          source,",
                "          country_code_2_digit,",
                "          country_code_3_digit,",
                "          population",
                "     ),",
                "     skipDuplicateMapInputs: true,",
                "     skipDuplicateMapOutputs: true) ~> selectreqfeilds",
                "selectreqfeilds split(indicator=='Daily hospital occupancy' || indicator=='Daily ICU occupancy',",
                "     indicator=='Weekly new hospital admissions per 100k'||indicator=='Weekly new ICU admissions per 100k',",
                "     disjoint: false) ~> splitDailyfromweekly@(dailystream, weeklystream)",
                "sourceDimdatadate derive(ecdc_year_week = year + '-W' + lpad(week_of_year, 2, '0')) ~> derivECDCyearweek",
                "derivECDCyearweek aggregate(groupBy(ecdc_year_week),",
                "     week_start_date = min(date),",
                "          week_end_date = max(date)) ~> aggDimDate",
                "splitDailyfromweekly@weeklystream, aggDimDate join(Reported_year_week == ecdc_year_week,",
                "     joinType:'inner',",
                "     matchType:'exact',",
                "     ignoreSpaces: false,",
                "     broadcast: 'auto')~> joinwithdate",
                "joinwithdate pivot(groupBy(country,",
                "          country_code_2_digit,",
                "          country_code_3_digit,",
                "          population,",
                "          Reported_year_week,",
                "          source,",
                "          week_start_date,",
                "          week_end_date),",
                "     pivotBy(indicator, ['Weekly new ICU admissions per 100k', 'Weekly new hospital admissions per 100k']),",
                "     count = sum(value),",
                "     columnNaming: '$V_$N',",
                "     lateral: true) ~> pivotWeekly",
                "splitDailyfromweekly@dailystream pivot(groupBy(country,",
                "          country_code_2_digit,",
                "          country_code_3_digit,",
                "          Reported_date,",
                "          population,",
                "          source),",
                "     pivotBy(indicator, ['Daily ICU occupancy', 'Daily hospital occupancy']),",
                "     count = sum(value),",
                "     columnNaming: '$V_$N',",
                "     lateral: true) ~> pivotDaily",
                "pivotWeekly sort(desc(Reported_year_week, true),",
                "     asc(country, true),",
                "     caseInsensitive: true,",
                "     partitionBy('hash', 1)) ~> sortWeekly",
                "pivotDaily sort(desc(Reported_date, true),",
                "     asc(country, true),",
                "     caseInsensitive: true,",
                "     partitionBy('hash', 1)) ~> sortDaily",
                "sortWeekly select(mapColumn(",
                "          country,",
                "          country_code_2_digit,",
                "          country_code_3_digit,",
                "          population,",
                "          Reported_year_week,",
                "          Reported_week_start_date = week_start_date,",
                "          Reported_week_end_date = week_end_date,",
                "          {Weekly new ICU admissions per 100k_count},",
                "          {Weekly new hospital admissions per 100k_count},",
                "          source",
                "     ),",
                "     skipDuplicateMapInputs: true,",
                "     skipDuplicateMapOutputs: true) ~> selectWeekly",
                "sortDaily select(mapColumn(",
                "          country,",
                "          country_code_2_digit,",
                "          country_code_3_digit,",
                "          Reported_date,",
                "          population,",
                "          hospital_occupancy_count = {Daily hospital occupancy_count},",
                "          ICU_occupancy_count = {Daily ICU occupancy_count},",
                "          source",
                "     ),",
                "     skipDuplicateMapInputs: true,",
                "     skipDuplicateMapOutputs: true) ~> selectDaily",
                "selectWeekly sink(allowSchemaDrift: true,",
                "     validateSchema: false,",
                "     partitionFileNames:['processed_weekly_hospital_admissions.csv'],",
                "     truncate: true,",
                "     umask: 0022,",
                "     preCommands: [],",
                "     postCommands: [],",
                "     skipDuplicateMapInputs: true,",
                "     skipDuplicateMapOutputs: true,",
                "     partitionBy('hash', 1)) ~> Weeklysink",
                "selectDaily sink(allowSchemaDrift: true,",
                "     validateSchema: false,",
                "     partitionFileNames:['processed_daily_hospital_admissions.csv'],",
                "     truncate: true,",
                "     umask: 0022,",
                "     preCommands: [],",
                "     postCommands: [],",
                "     skipDuplicateMapInputs: true,",
                "     skipDuplicateMapOutputs: true,",
                "     partitionBy('hash', 1)) ~> Dailysink"
            ]
        }
    }
}