{
    "now": "2022-12-27T15:32:20.654Z",
    "perfNow": 109080071.10000002,
    "diagnosticCorrelation": "77d3a33c-c8c6-4199-be80-8d8073501482",
    "source": "DownloadSupportFiles",
    "environment": {
        "productName": "adf",
        "buildVersion": "1.0.121622.5",
        "environmentType": 3,
        "resourceName": "Covid-Reporting-adf-deep",
        "resourceRegion": "eastus",
        "resourceGroup": "Covid_Reporting_Og",
        "subscriptionId": "d1959d23-a3ae-4519-bd85-1e69629b5cdc",
        "sessionId": "a6Ql0",
        "operationId": "zRed9",
        "gitType": "live"
    },
    "additionalInfo": {
        "selectedResource": "pl_ingest_ecdc_data",
        "selectedResourceType": "pipeline"
    }
}