{
    "now": "2023-01-01T13:55:55.509Z",
    "perfNow": 257201941.30000007,
    "diagnosticCorrelation": "d37070a6-d64c-4968-aae2-24bb9a517bd6",
    "source": "DownloadSupportFiles",
    "environment": {
        "productName": "adf",
        "buildVersion": "1.0.121622.5",
        "environmentType": 3,
        "resourceName": "Covid-Reporting-adf-deep",
        "resourceRegion": "eastus",
        "resourceGroup": "Covid_Reporting_Og",
        "subscriptionId": "d1959d23-a3ae-4519-bd85-1e69629b5cdc",
        "sessionId": "HPpnq",
        "operationId": "SHCwj",
        "gitType": "live"
    },
    "additionalInfo": {
        "selectedResource": "pl_processed_hospital_admissions",
        "selectedResourceType": "pipeline"
    }
}