{
    "now": "2022-12-26T19:58:04.691Z",
    "perfNow": 38611743.899999976,
    "diagnosticCorrelation": "541a2ba0-0770-4cd5-80e1-2b4ee7d33d91",
    "source": "DownloadSupportFiles",
    "environment": {
        "productName": "adf",
        "buildVersion": "1.0.121622.5",
        "environmentType": 3,
        "resourceName": "Covid-Reporting-adf-deep",
        "resourceRegion": "eastus",
        "resourceGroup": "Covid_Reporting_Og",
        "subscriptionId": "d1959d23-a3ae-4519-bd85-1e69629b5cdc",
        "sessionId": "GbLVJ",
        "operationId": "zRed9",
        "gitType": "live"
    },
    "additionalInfo": {
        "selectedResource": "pl_ingest_population_data_deep",
        "selectedResourceType": "pipeline"
    }
}