{"$schema":"http://schema.management.azure.com/schemas/2015-01-01/deploymentTemplate.json#","contentVersion":"1.0.0.0","parameters":{"factoryName":{"type":"string","metadata":"Data Factory name"},"ls_azblob_covidreportingsa":{"type":"string"},"ls_azdl_covidreportingdldeep":{"type":"string"}},"variables":{"factoryId":"[concat('Microsoft.DataFactory/factories/', parameters('factoryName'))]"},"resources":[{"name":"[concat(parameters('factoryName'), '/pl_ingest_population_data_deep')]","type":"Microsoft.DataFactory/factories/pipelines","apiVersion":"2018-06-01","properties":{"activities":[{"name":"Check if file arrived","description":"check if file arrived every 30 sec","type":"Validation","dependsOn":[],"userProperties":[],"typeProperties":{"dataset":{"referenceName":"ds_population_raw_gz","type":"DatasetReference","parameters":{}},"timeout":"0.00:00:30","sleep":10,"minimumSize":1024}},{"name":"Get file metadata","description":"check if file column count is 13","type":"GetMetadata","dependsOn":[{"activity":"Check if file arrived","dependencyConditions":["Succeeded"]}],"policy":{"timeout":"0.00:01:00","retry":0,"retryIntervalInSeconds":30,"secureOutput":false,"secureInput":false},"userProperties":[],"typeProperties":{"dataset":{"referenceName":"ds_population_raw_gz","type":"DatasetReference","parameters":{}},"fieldList":["columnCount","size","exists"],"storeSettings":{"type":"AzureBlobStorageReadSettings","enablePartitionDiscovery":false},"formatSettings":{"type":"DelimitedTextReadSettings"}}},{"name":"If column count is 13","type":"IfCondition","dependsOn":[{"activity":"Get file metadata","dependencyConditions":["Succeeded"]}],"userProperties":[],"typeProperties":{"expression":{"value":"@equals(activity('Get file metadata').output.columnCount,13)","type":"Expression"},"ifTrueActivities":[{"name":"Copy population data","type":"Copy","dependsOn":[],"policy":{"timeout":"0.0:05:00","retry":0,"retryIntervalInSeconds":30,"secureOutput":false,"secureInput":false},"userProperties":[],"typeProperties":{"source":{"type":"DelimitedTextSource","storeSettings":{"type":"AzureBlobStorageReadSettings","recursive":true,"enablePartitionDiscovery":false},"formatSettings":{"type":"DelimitedTextReadSettings"}},"sink":{"type":"DelimitedTextSink","storeSettings":{"type":"AzureBlobFSWriteSettings"},"formatSettings":{"type":"DelimitedTextWriteSettings","quoteAllText":true,"fileExtension":".txt"}},"enableStaging":false,"translator":{"type":"TabularTranslator","typeConversion":true,"typeConversionSettings":{"allowDataTruncation":true,"treatBooleanAsNumber":false}}},"inputs":[{"referenceName":"ds_population_raw_gz","type":"DatasetReference","parameters":{}}],"outputs":[{"referenceName":"ds_azdl_covidreportingdldeep","type":"DatasetReference","parameters":{}}]},{"name":"Delete Source file","type":"Delete","dependsOn":[{"activity":"Copy population data","dependencyConditions":["Succeeded"]}],"policy":{"timeout":"0.00:05:00","retry":0,"retryIntervalInSeconds":30,"secureOutput":false,"secureInput":false},"userProperties":[],"typeProperties":{"dataset":{"referenceName":"ds_population_raw_gz","type":"DatasetReference","parameters":{}},"logStorageSettings":{"linkedServiceName":{"referenceName":"[parameters('ls_azblob_covidreportingsa')]","type":"LinkedServiceReference"}},"enableLogging":true,"storeSettings":{"type":"AzureBlobStorageReadSettings","recursive":true,"enablePartitionDiscovery":false}}}]}}],"policy":{"elapsedTimeMetric":{},"cancelAfter":{}},"annotations":[]},"dependsOn":["[concat(variables('factoryId'), '/datasets/ds_population_raw_gz')]","[concat(variables('factoryId'), '/datasets/ds_azdl_covidreportingdldeep')]"]},{"name":"[concat(parameters('factoryName'), '/ds_population_raw_gz')]","type":"Microsoft.DataFactory/factories/datasets","apiVersion":"2018-06-01","properties":{"description":"population details for EU contries","linkedServiceName":{"referenceName":"[parameters('ls_azblob_covidreportingsa')]","type":"LinkedServiceReference"},"annotations":[],"type":"DelimitedText","typeProperties":{"location":{"type":"AzureBlobStorageLocation","fileName":"population_by_age.tsv.gz","container":"population"},"columnDelimiter":"\t","compressionCodec":"gzip","compressionLevel":"Optimal","escapeChar":"\\","firstRowAsHeader":true,"quoteChar":"\""},"schema":[]},"dependsOn":[]},{"name":"[concat(parameters('factoryName'), '/ds_azdl_covidreportingdldeep')]","type":"Microsoft.DataFactory/factories/datasets","apiVersion":"2018-06-01","properties":{"linkedServiceName":{"referenceName":"[parameters('ls_azdl_covidreportingdldeep')]","type":"LinkedServiceReference"},"annotations":[],"type":"DelimitedText","typeProperties":{"location":{"type":"AzureBlobFSLocation","fileName":"ds_azdl_population_by_age_tsv","folderPath":"population","fileSystem":"raw"},"columnDelimiter":"\t","escapeChar":"\\","firstRowAsHeader":true,"quoteChar":"\""},"schema":[]},"dependsOn":[]}]}