{"$schema":"http://schema.management.azure.com/schemas/2015-01-01/deploymentTemplate.json#","contentVersion":"1.0.0.0","parameters":{"factoryName":{"type":"string","metadata":"Data Factory name"},"ls_azblob_covidreportingsa":{"type":"string"},"ls_http_opendata_ecdc_europa_eu_deep":{"type":"string"},"ls_azdl_covidreportingdldeep":{"type":"string"}},"variables":{"factoryId":"[concat('Microsoft.DataFactory/factories/', parameters('factoryName'))]"},"resources":[{"name":"[concat(parameters('factoryName'), '/pl_ingest_ecdc_data')]","type":"Microsoft.DataFactory/factories/pipelines","apiVersion":"2018-06-01","properties":{"activities":[{"name":"lkp_multiple_ecdc_source_list","type":"Lookup","dependsOn":[],"policy":{"timeout":"0.12:00:00","retry":0,"retryIntervalInSeconds":30,"secureOutput":false,"secureInput":false},"userProperties":[],"typeProperties":{"source":{"type":"JsonSource","storeSettings":{"type":"AzureBlobStorageReadSettings","recursive":true,"enablePartitionDiscovery":false},"formatSettings":{"type":"JsonReadSettings"}},"dataset":{"referenceName":"ds_ecdc_file_list","type":"DatasetReference","parameters":{}},"firstRowOnly":false}},{"name":"ForEach_source_in_list","type":"ForEach","dependsOn":[{"activity":"lkp_multiple_ecdc_source_list","dependencyConditions":["Succeeded"]}],"userProperties":[],"typeProperties":{"items":{"value":"@activity('lkp_multiple_ecdc_source_list').output.value","type":"Expression"},"activities":[{"name":"copy ecdc sources data_copy","type":"Copy","dependsOn":[],"policy":{"timeout":"0.12:00:00","retry":0,"retryIntervalInSeconds":30,"secureOutput":false,"secureInput":false},"userProperties":[],"typeProperties":{"source":{"type":"DelimitedTextSource","storeSettings":{"type":"HttpReadSettings","requestMethod":"GET"},"formatSettings":{"type":"DelimitedTextReadSettings"}},"sink":{"type":"DelimitedTextSink","storeSettings":{"type":"AzureBlobFSWriteSettings"},"formatSettings":{"type":"DelimitedTextWriteSettings","quoteAllText":true,"fileExtension":".txt"}},"enableStaging":false,"translator":{"type":"TabularTranslator","typeConversion":true,"typeConversionSettings":{"allowDataTruncation":true,"treatBooleanAsNumber":false}}},"inputs":[{"referenceName":"ds_ecdc_raw_csv_http","type":"DatasetReference","parameters":{"sourceRelativeURL":{"value":"@item().sourceRelativeURL","type":"Expression"},"sourcebaseurl":{"value":"@item().sourcebaseurl","type":"Expression"}}}],"outputs":[{"referenceName":"ds_ecdc_raw_csv_dl","type":"DatasetReference","parameters":{"filename":{"value":"@item().sinkFileName","type":"Expression"}}}]}]}}],"policy":{"elapsedTimeMetric":{},"cancelAfter":{}},"annotations":[]},"dependsOn":["[concat(variables('factoryId'), '/datasets/ds_ecdc_file_list')]","[concat(variables('factoryId'), '/datasets/ds_ecdc_raw_csv_http')]","[concat(variables('factoryId'), '/datasets/ds_ecdc_raw_csv_dl')]"]},{"name":"[concat(parameters('factoryName'), '/ds_ecdc_file_list')]","type":"Microsoft.DataFactory/factories/datasets","apiVersion":"2018-06-01","properties":{"linkedServiceName":{"referenceName":"[parameters('ls_azblob_covidreportingsa')]","type":"LinkedServiceReference"},"annotations":[],"type":"Json","typeProperties":{"location":{"type":"AzureBlobStorageLocation","fileName":"github_ecdc_file_list.json","container":"config"}},"schema":{}},"dependsOn":[]},{"name":"[concat(parameters('factoryName'), '/ds_ecdc_raw_csv_http')]","type":"Microsoft.DataFactory/factories/datasets","apiVersion":"2018-06-01","properties":{"linkedServiceName":{"referenceName":"[parameters('ls_http_opendata_ecdc_europa_eu_deep')]","type":"LinkedServiceReference","parameters":{"sourcebaseurl":{"value":"@dataset().sourcebaseurl","type":"Expression"}}},"parameters":{"sourceRelativeURL":{"type":"string"},"sourcebaseurl":{"type":"string"}},"annotations":[],"type":"DelimitedText","typeProperties":{"location":{"type":"HttpServerLocation","relativeUrl":{"value":"@dataset().sourceRelativeURL","type":"Expression"}},"columnDelimiter":",","escapeChar":"\\","firstRowAsHeader":true,"quoteChar":"\""},"schema":[]},"dependsOn":[]},{"name":"[concat(parameters('factoryName'), '/ds_ecdc_raw_csv_dl')]","type":"Microsoft.DataFactory/factories/datasets","apiVersion":"2018-06-01","properties":{"linkedServiceName":{"referenceName":"[parameters('ls_azdl_covidreportingdldeep')]","type":"LinkedServiceReference"},"parameters":{"filename":{"type":"string"}},"annotations":[],"type":"DelimitedText","typeProperties":{"location":{"type":"AzureBlobFSLocation","fileName":{"value":"@dataset().filename","type":"Expression"},"folderPath":"ecdc","fileSystem":"raw"},"columnDelimiter":",","escapeChar":"\\","quoteChar":"\""},"schema":[]},"dependsOn":[]}]}