{
    "now": "2022-12-26T11:18:13.632Z",
    "perfNow": 7421022.600000024,
    "diagnosticCorrelation": "07f711f4-6079-4a26-9391-bd04638e608d",
    "source": "DownloadSupportFiles",
    "environment": {
        "productName": "adf",
        "buildVersion": "1.0.121622.5",
        "environmentType": 3,
        "resourceName": "Covid-Reporting-adf-deep",
        "resourceRegion": "eastus",
        "resourceGroup": "Covid_Reporting_Og",
        "subscriptionId": "d1959d23-a3ae-4519-bd85-1e69629b5cdc",
        "sessionId": "May8M",
        "operationId": "zRed9",
        "gitType": "live"
    },
    "additionalInfo": {
        "selectedResource": "pl_ingest_population_data_deep",
        "selectedResourceType": "pipeline"
    }
}