{
    "name": "ds_country_lookup",
    "properties": {
        "linkedServiceName": {
            "referenceName": "ls_azdl_covidreportingdldeep",
            "type": "LinkedServiceReference"
        },
        "annotations": [],
        "type": "DelimitedText",
        "typeProperties": {
            "location": {
                "type": "AzureBlobFSLocation",
                "fileName": "country_lookup.csv",
                "fileSystem": "lookup"
            },
            "columnDelimiter": ",",
            "escapeChar": "\\",
            "firstRowAsHeader": true,
            "quoteChar": "\""
        },
        "schema": [
            {
                "name": "country",
                "type": "String"
            },
            {
                "name": "country_code_2_digit",
                "type": "String"
            },
            {
                "name": "country_code_3_digit",
                "type": "String"
            },
            {
                "name": "continent",
                "type": "String"
            },
            {
                "name": "population",
                "type": "String"
            }
        ]
    }
}