{
    "name": "ds_processed_cases_and_deaths",
    "properties": {
        "linkedServiceName": {
            "referenceName": "ls_azdl_covidreportingdldeep",
            "type": "LinkedServiceReference"
        },
        "annotations": [],
        "type": "DelimitedText",
        "typeProperties": {
            "location": {
                "type": "AzureBlobFSLocation",
                "folderPath": "ecdc/cases_deaths",
                "fileSystem": "processed"
            },
            "columnDelimiter": ",",
            "escapeChar": "\\",
            "firstRowAsHeader": true,
            "quoteChar": "\""
        },
        "schema": []
    }
}