{
    "name": "ds_raw_cases_and_deaths",
    "properties": {
        "linkedServiceName": {
            "referenceName": "ls_azdl_covidreportingdldeep",
            "type": "LinkedServiceReference"
        },
        "annotations": [],
        "type": "DelimitedText",
        "typeProperties": {
            "location": {
                "type": "AzureBlobFSLocation",
                "fileName": "cases_deaths.csv",
                "folderPath": "ecdc",
                "fileSystem": "raw"
            },
            "columnDelimiter": ",",
            "escapeChar": "\\",
            "firstRowAsHeader": true,
            "quoteChar": "\""
        },
        "schema": [
            {
                "name": "Afghanistan",
                "type": "String"
            },
            {
                "name": "AFG",
                "type": "String"
            },
            {
                "name": "Asia",
                "type": "String"
            },
            {
                "name": "38928341",
                "type": "String"
            },
            {
                "name": "confirmed cases",
                "type": "String"
            },
            {
                "name": "0",
                "type": "String"
            },
            {
                "name": "2020-01-02",
                "type": "String"
            },
            {
                "name": "Prop_7",
                "type": "String"
            },
            {
                "name": "Epidemic intelligence, national daily data",
                "type": "String"
            }
        ]
    }
}