{
    "name": "tr_ingest_population_data_deep",
    "properties": {
        "annotations": [],
        "runtimeState": "Started",
        "pipelines": [
            {
                "pipelineReference": {
                    "referenceName": "pl_ingest_population_data_deep",
                    "type": "PipelineReference"
                }
            }
        ],
        "type": "BlobEventsTrigger",
        "typeProperties": {
            "blobPathBeginsWith": "/population/blobs/population_by_age.tsv.gz",
            "ignoreEmptyBlobs": true,
            "scope": "/subscriptions/d1959d23-a3ae-4519-bd85-1e69629b5cdc/resourceGroups/Covid_Reporting_Og/providers/Microsoft.Storage/storageAccounts/covidreportingsadeep",
            "events": [
                "Microsoft.Storage.BlobCreated"
            ]
        }
    }
}