{
    "now": "2022-12-26T13:47:36.290Z",
    "perfNow": 16383680.700000048,
    "diagnosticCorrelation": "b94deaf5-0b57-4895-9802-1d734fc336c7",
    "source": "DownloadSupportFiles",
    "environment": {
        "productName": "adf",
        "buildVersion": "1.0.121622.5",
        "environmentType": 3,
        "resourceName": "Covid-Reporting-adf-deep",
        "resourceRegion": "eastus",
        "resourceGroup": "Covid_Reporting_Og",
        "subscriptionId": "d1959d23-a3ae-4519-bd85-1e69629b5cdc",
        "sessionId": "shwV",
        "operationId": "zRed9",
        "gitType": "live"
    },
    "additionalInfo": {
        "selectedResource": "pl_ingest_population_data_deep",
        "selectedResourceType": "pipeline"
    }
}