{
    "name": "pl_ingest_population_data_deep",
    "properties": {
        "activities": [
            {
                "name": "Check if file arrived",
                "description": "check if file arrived every 30 sec",
                "type": "Validation",
                "dependsOn": [],
                "userProperties": [],
                "typeProperties": {
                    "dataset": {
                        "referenceName": "ds_population_raw_gz",
                        "type": "DatasetReference"
                    },
                    "timeout": "0.00:00:30",
                    "sleep": 10,
                    "minimumSize": 1024
                }
            },
            {
                "name": "Get file metadata",
                "description": "check if file column count is 13",
                "type": "GetMetadata",
                "dependsOn": [
                    {
                        "activity": "Check if file arrived",
                        "dependencyConditions": [
                            "Succeeded"
                        ]
                    }
                ],
                "policy": {
                    "timeout": "0.00:01:00",
                    "retry": 0,
                    "retryIntervalInSeconds": 30,
                    "secureOutput": false,
                    "secureInput": false
                },
                "userProperties": [],
                "typeProperties": {
                    "dataset": {
                        "referenceName": "ds_population_raw_gz",
                        "type": "DatasetReference"
                    },
                    "fieldList": [
                        "columnCount",
                        "size",
                        "exists"
                    ],
                    "storeSettings": {
                        "type": "AzureBlobStorageReadSettings",
                        "enablePartitionDiscovery": false
                    },
                    "formatSettings": {
                        "type": "DelimitedTextReadSettings"
                    }
                }
            },
            {
                "name": "If column count is 13",
                "type": "IfCondition",
                "dependsOn": [
                    {
                        "activity": "Get file metadata",
                        "dependencyConditions": [
                            "Succeeded"
                        ]
                    }
                ],
                "userProperties": [],
                "typeProperties": {
                    "expression": {
                        "value": "@equals(activity('Get file metadata').output.columnCount,13)",
                        "type": "Expression"
                    },
                    "ifTrueActivities": [
                        {
                            "name": "Copy population data",
                            "type": "Copy",
                            "dependsOn": [],
                            "policy": {
                                "timeout": "0.0:05:00",
                                "retry": 0,
                                "retryIntervalInSeconds": 30,
                                "secureOutput": false,
                                "secureInput": false
                            },
                            "userProperties": [],
                            "typeProperties": {
                                "source": {
                                    "type": "DelimitedTextSource",
                                    "storeSettings": {
                                        "type": "AzureBlobStorageReadSettings",
                                        "recursive": true,
                                        "enablePartitionDiscovery": false
                                    },
                                    "formatSettings": {
                                        "type": "DelimitedTextReadSettings"
                                    }
                                },
                                "sink": {
                                    "type": "DelimitedTextSink",
                                    "storeSettings": {
                                        "type": "AzureBlobFSWriteSettings"
                                    },
                                    "formatSettings": {
                                        "type": "DelimitedTextWriteSettings",
                                        "quoteAllText": true,
                                        "fileExtension": ".txt"
                                    }
                                },
                                "enableStaging": false,
                                "translator": {
                                    "type": "TabularTranslator",
                                    "typeConversion": true,
                                    "typeConversionSettings": {
                                        "allowDataTruncation": true,
                                        "treatBooleanAsNumber": false
                                    }
                                }
                            },
                            "inputs": [
                                {
                                    "referenceName": "ds_population_raw_gz",
                                    "type": "DatasetReference"
                                }
                            ],
                            "outputs": [
                                {
                                    "referenceName": "ds_azdl_covidreportingdldeep",
                                    "type": "DatasetReference"
                                }
                            ]
                        },
                        {
                            "name": "Delete Source file",
                            "type": "Delete",
                            "dependsOn": [
                                {
                                    "activity": "Copy population data",
                                    "dependencyConditions": [
                                        "Succeeded"
                                    ]
                                }
                            ],
                            "policy": {
                                "timeout": "0.00:05:00",
                                "retry": 0,
                                "retryIntervalInSeconds": 30,
                                "secureOutput": false,
                                "secureInput": false
                            },
                            "userProperties": [],
                            "typeProperties": {
                                "dataset": {
                                    "referenceName": "ds_population_raw_gz",
                                    "type": "DatasetReference"
                                },
                                "logStorageSettings": {
                                    "linkedServiceName": {
                                        "referenceName": "ls_azblob_covidreportingsa",
                                        "type": "LinkedServiceReference"
                                    }
                                },
                                "enableLogging": true,
                                "storeSettings": {
                                    "type": "AzureBlobStorageReadSettings",
                                    "recursive": true,
                                    "enablePartitionDiscovery": false
                                }
                            }
                        }
                    ]
                }
            }
        ],
        "annotations": []
    }
}