{"$schema":"http://schema.management.azure.com/schemas/2015-01-01/deploymentTemplate.json#","contentVersion":"1.0.0.0","parameters":{"factoryName":{"type":"string","metadata":"Data Factory name"},"ls_azdl_covidreportingdldeep":{"type":"string"}},"variables":{"factoryId":"[concat('Microsoft.DataFactory/factories/', parameters('factoryName'))]"},"resources":[{"name":"[concat(parameters('factoryName'), '/pl_processed_hospital_admissions')]","type":"Microsoft.DataFactory/factories/pipelines","apiVersion":"2018-06-01","properties":{"activities":[{"name":"hopspital_admissions","type":"ExecuteDataFlow","dependsOn":[],"policy":{"timeout":"0.12:00:00","retry":0,"retryIntervalInSeconds":30,"secureOutput":false,"secureInput":false},"userProperties":[],"typeProperties":{"dataflow":{"referenceName":"df_hospitalization_admissions","type":"DataFlowReference","parameters":{},"datasetParameters":{"hospitalization":{},"lkpsourcecountrycode":{},"sourceDimdatadate":{},"Weeklysink":{},"Dailysink":{}}},"staging":{},"compute":{"coreCount":8,"computeType":"General"},"traceLevel":"None","cacheSinks":{"firstRowOnly":true}}}],"policy":{"elapsedTimeMetric":{},"cancelAfter":{}},"annotations":[]},"dependsOn":["[concat(variables('factoryId'), '/dataflows/df_hospitalization_admissions')]"]},{"name":"[concat(parameters('factoryName'), '/df_hospitalization_admissions')]","type":"Microsoft.DataFactory/factories/dataflows","apiVersion":"2018-06-01","properties":{"type":"MappingDataFlow","typeProperties":{"sources":[{"dataset":{"referenceName":"ds_hospitalization_admissions","type":"DatasetReference"},"name":"hospitalization"},{"dataset":{"referenceName":"ds_country_lookup","type":"DatasetReference"},"name":"lkpsourcecountrycode"},{"dataset":{"referenceName":"ds_dim_data_date","type":"DatasetReference"},"name":"sourceDimdatadate"}],"sinks":[{"dataset":{"referenceName":"ds_processed_hospital_admissions_weekly","type":"DatasetReference"},"name":"Weeklysink"},{"dataset":{"referenceName":"ds_processed_hopital_admissions_daily","type":"DatasetReference"},"name":"Dailysink"}],"transformations":[{"name":"selectRemoveurlrenamedate"},{"name":"lookupcontrycodes"},{"name":"selectreqfeilds"},{"name":"splitDailyfromweekly"},{"name":"derivECDCyearweek"},{"name":"aggDimDate"},{"name":"joinwithdate"},{"name":"pivotWeekly"},{"name":"pivotDaily"},{"name":"sortWeekly"},{"name":"sortDaily"},{"name":"selectWeekly"},{"name":"selectDaily"}],"scriptLines":["source(output(","          country as string,","          indicator as string,","          date as date,","          year_week as string,","          value as double,","          source as string,","          url as string","     ),","     allowSchemaDrift: true,","     validateSchema: false,","     ignoreNoFilesFound: false) ~> hospitalization","source(output(","          country as string,","          country_code_2_digit as string,","          country_code_3_digit as string,","          continent as string,","          population as integer","     ),","     allowSchemaDrift: true,","     validateSchema: false,","     ignoreNoFilesFound: false) ~> lkpsourcecountrycode","source(output(","          date_key as string,","          date as string,","          year as string,","          month as string,","          day as string,","          day_name as string,","          day_of_year as string,","          week_of_month as string,","          week_of_year as string,","          month_name as string,","          year_month as string,","          year_week as string","     ),","     allowSchemaDrift: true,","     validateSchema: false,","     ignoreNoFilesFound: false) ~> sourceDimdatadate","hospitalization select(mapColumn(","          country,","          indicator,","          Reported_date = date,","          Reported_year_week = year_week,","          value,","          source","     ),","     skipDuplicateMapInputs: true,","     skipDuplicateMapOutputs: true) ~> selectRemoveurlrenamedate","selectRemoveurlrenamedate, lkpsourcecountrycode lookup(selectRemoveurlrenamedate@country == lkpsourcecountrycode@country,","     multiple: false,","     pickup: 'any',","     broadcast: 'auto')~> lookupcontrycodes","lookupcontrycodes select(mapColumn(","          country = selectRemoveurlrenamedate@country,","          indicator,","          Reported_date,","          Reported_year_week,","          value,","          source,","          country_code_2_digit,","          country_code_3_digit,","          population","     ),","     skipDuplicateMapInputs: true,","     skipDuplicateMapOutputs: true) ~> selectreqfeilds","selectreqfeilds split(indicator=='Daily hospital occupancy' || indicator=='Daily ICU occupancy',","     indicator=='Weekly new hospital admissions per 100k'||indicator=='Weekly new ICU admissions per 100k',","     disjoint: false) ~> splitDailyfromweekly@(dailystream, weeklystream)","sourceDimdatadate derive(ecdc_year_week = year + '-W' + lpad(week_of_year, 2, '0')) ~> derivECDCyearweek","derivECDCyearweek aggregate(groupBy(ecdc_year_week),","     week_start_date = min(date),","          week_end_date = max(date)) ~> aggDimDate","splitDailyfromweekly@weeklystream, aggDimDate join(Reported_year_week == ecdc_year_week,","     joinType:'inner',","     matchType:'exact',","     ignoreSpaces: false,","     broadcast: 'auto')~> joinwithdate","joinwithdate pivot(groupBy(country,","          country_code_2_digit,","          country_code_3_digit,","          population,","          Reported_year_week,","          source,","          week_start_date,","          week_end_date),","     pivotBy(indicator, ['Weekly new ICU admissions per 100k', 'Weekly new hospital admissions per 100k']),","     count = sum(value),","     columnNaming: '$V_$N',","     lateral: true) ~> pivotWeekly","splitDailyfromweekly@dailystream pivot(groupBy(country,","          country_code_2_digit,","          country_code_3_digit,","          Reported_date,","          population,","          source),","     pivotBy(indicator, ['Daily ICU occupancy', 'Daily hospital occupancy']),","     count = sum(value),","     columnNaming: '$V_$N',","     lateral: true) ~> pivotDaily","pivotWeekly sort(desc(Reported_year_week, true),","     asc(country, true),","     caseInsensitive: true,","     partitionBy('hash', 1)) ~> sortWeekly","pivotDaily sort(desc(Reported_date, true),","     asc(country, true),","     caseInsensitive: true,","     partitionBy('hash', 1)) ~> sortDaily","sortWeekly select(mapColumn(","          country,","          country_code_2_digit,","          country_code_3_digit,","          population,","          Reported_year_week,","          Reported_week_start_date = week_start_date,","          Reported_week_end_date = week_end_date,","          {Weekly new ICU admissions per 100k_count},","          {Weekly new hospital admissions per 100k_count},","          source","     ),","     skipDuplicateMapInputs: true,","     skipDuplicateMapOutputs: true) ~> selectWeekly","sortDaily select(mapColumn(","          country,","          country_code_2_digit,","          country_code_3_digit,","          Reported_date,","          population,","          hospital_occupancy_count = {Daily hospital occupancy_count},","          ICU_occupancy_count = {Daily ICU occupancy_count},","          source","     ),","     skipDuplicateMapInputs: true,","     skipDuplicateMapOutputs: true) ~> selectDaily","selectWeekly sink(allowSchemaDrift: true,","     validateSchema: false,","     partitionFileNames:['processed_weekly_hospital_admissions.csv'],","     truncate: true,","     umask: 0022,","     preCommands: [],","     postCommands: [],","     skipDuplicateMapInputs: true,","     skipDuplicateMapOutputs: true,","     partitionBy('hash', 1)) ~> Weeklysink","selectDaily sink(allowSchemaDrift: true,","     validateSchema: false,","     partitionFileNames:['processed_daily_hospital_admissions.csv'],","     truncate: true,","     umask: 0022,","     preCommands: [],","     postCommands: [],","     skipDuplicateMapInputs: true,","     skipDuplicateMapOutputs: true,","     partitionBy('hash', 1)) ~> Dailysink"]}},"dependsOn":["[concat(variables('factoryId'), '/datasets/ds_hospitalization_admissions')]","[concat(variables('factoryId'), '/datasets/ds_country_lookup')]","[concat(variables('factoryId'), '/datasets/ds_dim_data_date')]","[concat(variables('factoryId'), '/datasets/ds_processed_hospital_admissions_weekly')]","[concat(variables('factoryId'), '/datasets/ds_processed_hopital_admissions_daily')]"]},{"name":"[concat(parameters('factoryName'), '/ds_hospitalization_admissions')]","type":"Microsoft.DataFactory/factories/datasets","apiVersion":"2018-06-01","properties":{"linkedServiceName":{"referenceName":"[parameters('ls_azdl_covidreportingdldeep')]","type":"LinkedServiceReference"},"annotations":[],"type":"DelimitedText","typeProperties":{"location":{"type":"AzureBlobFSLocation","fileName":"hospital_admissions.csv","folderPath":"ecdc","fileSystem":"raw"},"columnDelimiter":",","escapeChar":"\\","firstRowAsHeader":true,"quoteChar":"\""},"schema":[{"name":"Austria","type":"String"},{"name":"Daily hospital occupancy","type":"String"},{"name":"2020-04-02","type":"String"},{"name":"2020-W14","type":"String"},{"name":"1057","type":"String"},{"name":"Surveillance","type":"String"},{"name":"https://www.sozialministerium.at/Informationen-zum-Coronavirus/Neuartiges-Coronavirus-(2019-nCov).html","type":"String"}]},"dependsOn":[]},{"name":"[concat(parameters('factoryName'), '/ds_country_lookup')]","type":"Microsoft.DataFactory/factories/datasets","apiVersion":"2018-06-01","properties":{"linkedServiceName":{"referenceName":"[parameters('ls_azdl_covidreportingdldeep')]","type":"LinkedServiceReference"},"annotations":[],"type":"DelimitedText","typeProperties":{"location":{"type":"AzureBlobFSLocation","fileName":"country_lookup.csv","fileSystem":"lookup"},"columnDelimiter":",","escapeChar":"\\","firstRowAsHeader":true,"quoteChar":"\""},"schema":[{"name":"country","type":"String"},{"name":"country_code_2_digit","type":"String"},{"name":"country_code_3_digit","type":"String"},{"name":"continent","type":"String"},{"name":"population","type":"String"}]},"dependsOn":[]},{"name":"[concat(parameters('factoryName'), '/ds_dim_data_date')]","type":"Microsoft.DataFactory/factories/datasets","apiVersion":"2018-06-01","properties":{"linkedServiceName":{"referenceName":"[parameters('ls_azdl_covidreportingdldeep')]","type":"LinkedServiceReference"},"annotations":[],"type":"DelimitedText","typeProperties":{"location":{"type":"AzureBlobFSLocation","fileName":"dim_date.csv","fileSystem":"lookup"},"columnDelimiter":",","escapeChar":"\\","firstRowAsHeader":true,"quoteChar":"\""},"schema":[{"name":"date_key","type":"String"},{"name":"date","type":"String"},{"name":"year","type":"String"},{"name":"month","type":"String"},{"name":"day","type":"String"},{"name":"day_name","type":"String"},{"name":"day_of_year","type":"String"},{"name":"week_of_month","type":"String"},{"name":"week_of_year","type":"String"},{"name":"month_name","type":"String"},{"name":"year_month","type":"String"},{"name":"year_week","type":"String"}]},"dependsOn":[]},{"name":"[concat(parameters('factoryName'), '/ds_processed_hospital_admissions_weekly')]","type":"Microsoft.DataFactory/factories/datasets","apiVersion":"2018-06-01","properties":{"linkedServiceName":{"referenceName":"[parameters('ls_azdl_covidreportingdldeep')]","type":"LinkedServiceReference"},"annotations":[],"type":"DelimitedText","typeProperties":{"location":{"type":"AzureBlobFSLocation","folderPath":"ecdc/hospital_Admissions_weekly","fileSystem":"processed"},"columnDelimiter":",","escapeChar":"\\","firstRowAsHeader":true,"quoteChar":"\""},"schema":[]},"dependsOn":[]},{"name":"[concat(parameters('factoryName'), '/ds_processed_hopital_admissions_daily')]","type":"Microsoft.DataFactory/factories/datasets","apiVersion":"2018-06-01","properties":{"linkedServiceName":{"referenceName":"[parameters('ls_azdl_covidreportingdldeep')]","type":"LinkedServiceReference"},"annotations":[],"type":"DelimitedText","typeProperties":{"location":{"type":"AzureBlobFSLocation","folderPath":"ecdc/hospital_admissions_Daily","fileSystem":"processed"},"columnDelimiter":",","escapeChar":"\\","firstRowAsHeader":true,"quoteChar":"\""},"schema":[]},"dependsOn":[]}]}