{
    "now": "2022-12-30T15:51:18.204Z",
    "perfNow": 91315666.39999998,
    "diagnosticCorrelation": "c6f21e09-f3c4-40f8-8285-f9ac5eba1e96",
    "source": "DownloadSupportFiles",
    "environment": {
        "productName": "adf",
        "buildVersion": "1.0.121622.5",
        "environmentType": 3,
        "resourceName": "Covid-Reporting-adf-deep",
        "resourceRegion": "eastus",
        "resourceGroup": "Covid_Reporting_Og",
        "subscriptionId": "d1959d23-a3ae-4519-bd85-1e69629b5cdc",
        "sessionId": "omvBb",
        "operationId": "SHCwj",
        "gitType": "live"
    },
    "additionalInfo": {
        "selectedResource": "pl_process_cases_and_deaths_Data",
        "selectedResourceType": "pipeline"
    }
}