{
    "name": "ds_population_raw_gz",
    "properties": {
        "description": "population details for EU contries",
        "linkedServiceName": {
            "referenceName": "ls_azblob_covidreportingsa",
            "type": "LinkedServiceReference"
        },
        "annotations": [],
        "type": "DelimitedText",
        "typeProperties": {
            "location": {
                "type": "AzureBlobStorageLocation",
                "fileName": "population_by_age.tsv.gz",
                "container": "population"
            },
            "columnDelimiter": "\t",
            "compressionCodec": "gzip",
            "compressionLevel": "Optimal",
            "escapeChar": "\\",
            "firstRowAsHeader": true,
            "quoteChar": "\""
        },
        "schema": []
    }
}