{
    "name": "pl_ingest_ecdc_data",
    "properties": {
        "activities": [
            {
                "name": "lkp_multiple_ecdc_source_list",
                "type": "Lookup",
                "dependsOn": [],
                "policy": {
                    "timeout": "0.12:00:00",
                    "retry": 0,
                    "retryIntervalInSeconds": 30,
                    "secureOutput": false,
                    "secureInput": false
                },
                "userProperties": [],
                "typeProperties": {
                    "source": {
                        "type": "JsonSource",
                        "storeSettings": {
                            "type": "AzureBlobStorageReadSettings",
                            "recursive": true,
                            "enablePartitionDiscovery": false
                        },
                        "formatSettings": {
                            "type": "JsonReadSettings"
                        }
                    },
                    "dataset": {
                        "referenceName": "ds_ecdc_file_list",
                        "type": "DatasetReference"
                    },
                    "firstRowOnly": false
                }
            },
            {
                "name": "ForEach_source_in_list",
                "type": "ForEach",
                "dependsOn": [
                    {
                        "activity": "lkp_multiple_ecdc_source_list",
                        "dependencyConditions": [
                            "Succeeded"
                        ]
                    }
                ],
                "userProperties": [],
                "typeProperties": {
                    "items": {
                        "value": "@activity('lkp_multiple_ecdc_source_list').output.value",
                        "type": "Expression"
                    },
                    "activities": [
                        {
                            "name": "copy ecdc sources data_copy",
                            "type": "Copy",
                            "dependsOn": [],
                            "policy": {
                                "timeout": "0.12:00:00",
                                "retry": 0,
                                "retryIntervalInSeconds": 30,
                                "secureOutput": false,
                                "secureInput": false
                            },
                            "userProperties": [],
                            "typeProperties": {
                                "source": {
                                    "type": "DelimitedTextSource",
                                    "storeSettings": {
                                        "type": "HttpReadSettings",
                                        "requestMethod": "GET"
                                    },
                                    "formatSettings": {
                                        "type": "DelimitedTextReadSettings"
                                    }
                                },
                                "sink": {
                                    "type": "DelimitedTextSink",
                                    "storeSettings": {
                                        "type": "AzureBlobFSWriteSettings"
                                    },
                                    "formatSettings": {
                                        "type": "DelimitedTextWriteSettings",
                                        "quoteAllText": true,
                                        "fileExtension": ".txt"
                                    }
                                },
                                "enableStaging": false,
                                "translator": {
                                    "type": "TabularTranslator",
                                    "typeConversion": true,
                                    "typeConversionSettings": {
                                        "allowDataTruncation": true,
                                        "treatBooleanAsNumber": false
                                    }
                                }
                            },
                            "inputs": [
                                {
                                    "referenceName": "ds_ecdc_raw_csv_http",
                                    "type": "DatasetReference",
                                    "parameters": {
                                        "sourceRelativeURL": {
                                            "value": "@item().sourceRelativeURL",
                                            "type": "Expression"
                                        },
                                        "sourcebaseurl": {
                                            "value": "@item().sourcebaseurl",
                                            "type": "Expression"
                                        }
                                    }
                                }
                            ],
                            "outputs": [
                                {
                                    "referenceName": "ds_ecdc_raw_csv_dl",
                                    "type": "DatasetReference",
                                    "parameters": {
                                        "filename": {
                                            "value": "@item().sinkFileName",
                                            "type": "Expression"
                                        }
                                    }
                                }
                            ]
                        }
                    ]
                }
            }
        ],
        "annotations": []
    }
}