{
    "name": "ds_azdl_covidreportingdldeep",
    "properties": {
        "linkedServiceName": {
            "referenceName": "ls_azdl_covidreportingdldeep",
            "type": "LinkedServiceReference"
        },
        "annotations": [],
        "type": "DelimitedText",
        "typeProperties": {
            "location": {
                "type": "AzureBlobFSLocation",
                "fileName": "ds_azdl_population_by_age_tsv",
                "folderPath": "population",
                "fileSystem": "raw"
            },
            "columnDelimiter": "\t",
            "escapeChar": "\\",
            "firstRowAsHeader": true,
            "quoteChar": "\""
        },
        "schema": []
    }
}